BEGIN
    EXECUTE IMMEDIATE 'DROP TABLE Transactions CASCADE CONSTRAINTS';
    DBMS_OUTPUT.PUT_LINE('Table Transactions dropped.');
EXCEPTION WHEN OTHERS THEN NULL;
END;
/

BEGIN
    EXECUTE IMMEDIATE 'DROP TABLE Accounts CASCADE CONSTRAINTS';
    DBMS_OUTPUT.PUT_LINE('Table Accounts dropped.');
EXCEPTION WHEN OTHERS THEN NULL;
END;
/

BEGIN
    EXECUTE IMMEDIATE 'DROP TABLE Loans CASCADE CONSTRAINTS';
    DBMS_OUTPUT.PUT_LINE('Table Loans dropped.');
EXCEPTION WHEN OTHERS THEN NULL;
END;
/

BEGIN
    EXECUTE IMMEDIATE 'DROP TABLE Customers CASCADE CONSTRAINTS';
    DBMS_OUTPUT.PUT_LINE('Table Customers dropped.');
EXCEPTION WHEN OTHERS THEN NULL;
END;
/

BEGIN
    EXECUTE IMMEDIATE 'DROP TABLE Employees CASCADE CONSTRAINTS';
    DBMS_OUTPUT.PUT_LINE('Table Employees dropped.');
EXCEPTION WHEN OTHERS THEN NULL;
END;
/

BEGIN
    EXECUTE IMMEDIATE 'DROP TABLE AuditLog CASCADE CONSTRAINTS';
    DBMS_OUTPUT.PUT_LINE('Table AuditLog dropped.');
EXCEPTION WHEN OTHERS THEN NULL;
END;
/

CREATE TABLE Customers (
    CustomerID NUMBER PRIMARY KEY,
    Name VARCHAR2(100) NOT NULL,
    DOB DATE NOT NULL,
    Balance NUMBER NOT NULL,
    LastModified DATE DEFAULT SYSDATE,
    IsVIP VARCHAR2(5) DEFAULT 'FALSE'
);

CREATE TABLE Accounts (
    AccountID NUMBER PRIMARY KEY,
    CustomerID NUMBER,
    AccountType VARCHAR2(20) NOT NULL,
    Balance NUMBER NOT NULL,
    LastModified DATE DEFAULT SYSDATE,
    FOREIGN KEY (CustomerID) REFERENCES Customers(CustomerID) ON DELETE CASCADE
);

CREATE TABLE Transactions (
    TransactionID NUMBER PRIMARY KEY,
    AccountID NUMBER,
    TransactionDate DATE NOT NULL,
    Amount NUMBER NOT NULL,
    TransactionType VARCHAR2(10) NOT NULL,
    FOREIGN KEY (AccountID) REFERENCES Accounts(AccountID) ON DELETE CASCADE
);

CREATE TABLE Loans (
    LoanID NUMBER PRIMARY KEY,
    CustomerID NUMBER,
    LoanAmount NUMBER NOT NULL,
    InterestRate NUMBER NOT NULL,
    StartDate DATE NOT NULL,
    EndDate DATE NOT NULL,
    FOREIGN KEY (CustomerID) REFERENCES Customers(CustomerID) ON DELETE CASCADE
);

CREATE TABLE Employees (
    EmployeeID NUMBER PRIMARY KEY,
    Name VARCHAR2(100) NOT NULL,
    Position VARCHAR2(50) NOT NULL,
    Salary NUMBER NOT NULL,
    Department VARCHAR2(50) NOT NULL,
    HireDate DATE NOT NULL
);

CREATE TABLE AuditLog (
    LogID NUMBER GENERATED BY DEFAULT AS IDENTITY PRIMARY KEY,
    TransactionID NUMBER,
    AccountID NUMBER,
    TransactionDate DATE,
    Amount NUMBER,
    TransactionType VARCHAR2(10),
    LogTime TIMESTAMP DEFAULT CURRENT_TIMESTAMP
);

INSERT INTO Customers (CustomerID, Name, DOB, Balance, LastModified, IsVIP)
VALUES (1, 'John Doe', TO_DATE('1985-05-15', 'YYYY-MM-DD'), 1000, SYSDATE, 'FALSE');

INSERT INTO Customers (CustomerID, Name, DOB, Balance, LastModified, IsVIP)
VALUES (2, 'Jane Smith', TO_DATE('1990-07-20', 'YYYY-MM-DD'), 15000, SYSDATE, 'FALSE');

INSERT INTO Customers (CustomerID, Name, DOB, Balance, LastModified, IsVIP)
VALUES (3, 'Robert Miller', TO_DATE('1950-11-10', 'YYYY-MM-DD'), 5000, SYSDATE, 'FALSE');

INSERT INTO Customers (CustomerID, Name, DOB, Balance, LastModified, IsVIP)
VALUES (4, 'Sarah Connor', TO_DATE('1962-03-25', 'YYYY-MM-DD'), 25000, SYSDATE, 'FALSE');

INSERT INTO Accounts (AccountID, CustomerID, AccountType, Balance, LastModified)
VALUES (1, 1, 'Savings', 1000, SYSDATE);

INSERT INTO Accounts (AccountID, CustomerID, AccountType, Balance, LastModified)
VALUES (2, 2, 'Checking', 15000, SYSDATE);

INSERT INTO Accounts (AccountID, CustomerID, AccountType, Balance, LastModified)
VALUES (3, 3, 'Savings', 5000, SYSDATE);

INSERT INTO Accounts (AccountID, CustomerID, AccountType, Balance, LastModified)
VALUES (4, 4, 'Checking', 25000, SYSDATE);

INSERT INTO Transactions (TransactionID, AccountID, TransactionDate, Amount, TransactionType)
VALUES (1, 1, SYSDATE, 200, 'Deposit');

INSERT INTO Transactions (TransactionID, AccountID, TransactionDate, Amount, TransactionType)
VALUES (2, 2, SYSDATE, 300, 'Withdrawal');

INSERT INTO Loans (LoanID, CustomerID, LoanAmount, InterestRate, StartDate, EndDate)
VALUES (1, 1, 5000, 5, SYSDATE, ADD_MONTHS(SYSDATE, 60));

INSERT INTO Loans (LoanID, CustomerID, LoanAmount, InterestRate, StartDate, EndDate)
VALUES (2, 3, 10000, 6, SYSDATE - 365, ADD_MONTHS(SYSDATE, 12));

INSERT INTO Loans (LoanID, CustomerID, LoanAmount, InterestRate, StartDate, EndDate)
VALUES (3, 4, 8000, 4.5, SYSDATE - 100, SYSDATE + 15);

INSERT INTO Loans (LoanID, CustomerID, LoanAmount, InterestRate, StartDate, EndDate)
VALUES (4, 2, 12000, 7, SYSDATE - 30, SYSDATE + 20);

INSERT INTO Employees (EmployeeID, Name, Position, Salary, Department, HireDate)
VALUES (1, 'Alice Johnson', 'Manager', 70000, 'HR', TO_DATE('2015-06-15', 'YYYY-MM-DD'));

INSERT INTO Employees (EmployeeID, Name, Position, Salary, Department, HireDate)
VALUES (2, 'Bob Brown', 'Developer', 60000, 'IT', TO_DATE('2017-03-20', 'YYYY-MM-DD'));

INSERT INTO Employees (EmployeeID, Name, Position, Salary, Department, HireDate)
VALUES (3, 'Charlie Green', 'Analyst', 55000, 'IT', TO_DATE('2020-01-10', 'YYYY-MM-DD'));

COMMIT;
/
